content,platform,theme,optimal_time,call_to_action,engagement_goal
ðŸŒŸ Welcome to Your Business! We're passionate about delivering excellence. Follow us for updates and insights! #Excellence #Quality #Service,facebook,case studies,12pm,Learn More,drive_action
ðŸ’¡ Pro tip from Your Business: Success comes from consistent effort and smart strategies. What's your biggest business challenge? Let's solve it together! #BusinessTips #Success #Growth,facebook,expert tips,12pm,Learn More,drive_action
ðŸŒŸ Welcome to Your Business! We're passionate about delivering excellence. Follow us for updates and insights! #Excellence #Quality #Service,facebook,case studies,12pm,Learn More,drive_action
ðŸ’¡ Pro tip from Your Business: Success comes from consistent effort and smart strategies. What's your biggest business challenge? Let's solve it together! #BusinessTips #Success #Growth,facebook,expert tips,12pm,Learn More,drive_action
ðŸŒŸ Welcome to Your Business! We're passionate about delivering excellence. Follow us for updates and insights! #Excellence #Quality #Service,facebook,case studies,12pm,Learn More,drive_action
ðŸ’¡ Pro tip from Your Business: Success comes from consistent effort and smart strategies. What's your biggest business challenge? Let's solve it together! #BusinessTips #Success #Growth,facebook,expert tips,12pm,Learn More,drive_action
ðŸŒŸ Welcome to Your Business! We're passionate about delivering excellence. Follow us for updates and insights! #Excellence #Quality #Service,facebook,case studies,12pm,Learn More,drive_action
ðŸ’¡ Pro tip from Your Business: Success comes from consistent effort and smart strategies. What's your biggest business challenge? Let's solve it together! #BusinessTips #Success #Growth,facebook,expert tips,12pm,Learn More,drive_action
ðŸŒŸ Welcome to Your Business! We're passionate about delivering excellence. Follow us for updates and insights! #Excellence #Quality #Service,facebook,case studies,12pm,Learn More,drive_action
ðŸ’¡ Pro tip from Your Business: Success comes from consistent effort and smart strategies. What's your biggest business challenge? Let's solve it together! #BusinessTips #Success #Growth,facebook,expert tips,12pm,Learn More,drive_action
ðŸŒŸ Welcome to Your Business! We're passionate about delivering excellence. Follow us for updates and insights! #Excellence #Quality #Service,facebook,case studies,12pm,Learn More,drive_action
ðŸ’¡ Pro tip from Your Business: Success comes from consistent effort and smart strategies. What's your biggest business challenge? Let's solve it together! #BusinessTips #Success #Growth,facebook,expert tips,12pm,Learn More,drive_action
ðŸŒŸ Welcome to Your Business! We're passionate about delivering excellence. Follow us for updates and insights! #Excellence #Quality #Service,facebook,case studies,12pm,Learn More,drive_action
ðŸ’¡ Pro tip from Your Business: Success comes from consistent effort and smart strategies. What's your biggest business challenge? Let's solve it together! #BusinessTips #Success #Growth,facebook,expert tips,12pm,Learn More,drive_action
